,NDR,Density
1,4346,0.0005375987256919095
2,4385,0.0005376806642265371
3,4353,0.0005379264798304201
4,4382,0.0005380084183650477
5,4374,0.0005382542339689304
