,nodes_dc,DC,nodes_bc,BC,nodes_cnc,CnC,nodes_ec,EC,nodes_tr,TR
1,2682,0.003846154,4148,0.288415621,1268,0.081823301,4361,0.2865345,4363,21
2,4447,0.003643725,2504,0.281698123,2554,0.080943798,4327,0.274514708,4327,20
3,818,0.002834008,1200,0.27969519,2570,0.080357869,4319,0.248221128,4333,19
4,3413,0.002834008,4205,0.277649888,1202,0.079871946,4317,0.242904647,4361,18
5,4327,0.002834008,2490,0.267304475,2571,0.079626048,4333,0.236272433,4353,15
