,nodes_tc,TC_i,nodes_pi,PI_i,nodes_cc,CC_i
0,4327,0.5758,2503,0.2593,2682,0.097191396
1,4363,0.5781,2544,0.2687,2583,0.121121881
2,4333,0.5862,2504,0.2984,1067,0.121127778
3,4361,0.5893,2625,0.3088,3289,0.123645679
4,4353,0.6,4317,0.3284,2543,0.124936635
