,NDR,Density
1,105,0.008404332761588763
2,333,0.00843401349067244
3,16,0.008435575634308424
4,23,0.008435575634308424
5,42,0.008435575634308424
