,NDR,Density
1,105,0.007987175608706364
2,16,0.008132198516088186
3,196,0.008203930276728656
4,42,0.008224202296040095
5,3,0.008227321068241854
