,NDR,Density
1,25,0.014844804318488529
2,15,0.014910634936308875
3,54,0.014976465554129225
4,16,0.0150093808630394
5,50,0.0150093808630394
