,nodes,TC_i,nodes,PI_i,nodes,CC_i
1,24,0.4875,24,-1.7525,24,0.05715823235316252
2,108,0.4803,40,-0.4366,222,0.0802695615029931
3,57,0.4784,65,-0.4069,85,0.08576674502185776
4,229,0.4742,108,-0.3315,108,0.08991288257187496
5,40,0.474,57,-0.0155,65,0.0954378765432099
