,NDR,Density
1,0,0.08333333333333333
2,33,0.08712121212121213
3,32,0.10037878787878787
4,1,0.10795454545454546
5,2,0.10795454545454546
