,NDR,Density
1,1,0.08199643493761141
2,34,0.0873440285204991
3,33,0.0944741532976827
4,2,0.10338680926916223
5,3,0.106951871657754
