,nodes_pr,pr
1,105,0.002245883882978105
2,376,0.002010101188456896
3,355,0.0019825110352467766
4,21,0.00196955645554795
5,14,0.0019544270281950005
