,nodes_tr,TR,nodes_ec,EC,nodes_cnc,CnC,nodes_bc,BC,nodes_dc,DC,nodes_pr,pr
0,105,261,105,0.229102798,333,0.382820426,333,0.039489858,105,0.062720848,105,0.002245884
1,16,186,16,0.16529565,23,0.3816588,105,0.036931249,333,0.045936396,376,0.002010101
2,196,146,196,0.154247206,105,0.378215837,23,0.033462978,16,0.045053004,355,0.001982511
