,nodes_dc,DC,nodes_bc,BC,nodes_cnc,CnC,nodes_ec,EC,nodes_tr,TR
1,1,0.524336283,1,0.478305267,1,0.654124457,1,0.379995045,1,870
2,18,0.272123894,18,0.113422435,18,0.550548112,18,0.255898357,11,490
3,11,0.241150442,11,0.094627543,11,0.54589372,11,0.253000488,18,489
4,17,0.230088496,17,0.07873395,17,0.532391048,17,0.219520022,17,378
5,5,0.165929204,65,0.074877315,65,0.503901895,67,0.180141563,67,304
