,TR,TR_i,EC,EC_i,CNC,CNC_i,BC,BC_i,DC,DC_i,PR,PR_i
1,186,7,25,0.29416920406019587,62,0.2949479355377369,54,0.09492385459232326,25,0.06882591093117409,80,0.008313329500285216
2,202,5,15,0.2910865867107044,15,0.2941848102193986,50,0.08486600352939203,15,0.06072874493927126,25,0.006964421087472831
3,104,4,13,0.2148409733043571,54,0.2941848102193986,62,0.07354322820707178,54,0.05263157894736842,103,0.006866516447450223
