,NDR,Density
1,4345,0.0005375987256919095
2,4384,0.0005376806642265371
3,4352,0.0005379264798304201
4,4381,0.0005380084183650477
5,4373,0.0005382542339689304
