,nodes_tr,TR,nodes_ec,EC,nodes_cnc,CnC,nodes_bc,BC,nodes_dc,DC,nodes_pr,pr
0,4363,21,4361,0.2865345,1268,0.081823301,4148,0.288415621,2682,0.003846154,818,0.000660416
1,4327,20,4327,0.274514708,2554,0.080943798,2504,0.281698123,4447,0.003643725,4447,0.000629682
2,4333,19,4319,0.248221128,2570,0.080357869,1200,0.27969519,818,0.002834008,3413,0.000579993
3,4361,18,4317,0.242904647,1202,0.079871946,4205,0.277649888,3413,0.002834008,2682,0.000523454
4,4353,15,4333,0.236272433,2571,0.079626048,2490,0.267304475,4327,0.002834008,1179,0.000512765
