,TR,TR_i,EC,EC_i,CNC,CNC_i,BC,BC_i,DC,DC_i,PR,PR_i
1,10,17,10,0.31578107648046755,34,0.4178082191780822,34,0.24823719602893804,10,0.19672131147540983,49,0.025953515752699354
2,44,17,36,0.30056092847049554,39,0.40397350993377484,14,0.213324435532811,36,0.18032786885245902,13,0.02483665839259177
3,30,15,44,0.2850031047324043,36,0.39869281045751637,39,0.14314951834261747,44,0.18032786885245902,57,0.022808232029401774
