,nodes,EC
1,1,0.3799950453598546
2,18,0.255898356946562
3,11,0.2530004877878702
4,17,0.219520021528559
5,67,0.18014156335300485
