,nodes,DC
1,1,0.5243362831858407
2,18,0.2721238938053097
3,11,0.2411504424778761
4,17,0.23008849557522124
5,5,0.16592920353982302
