,nodes,BC
1,1,0.47830526686331615
2,18,0.1134224353763977
3,11,0.0946275426436394
4,17,0.07873395047905539
5,65,0.07487731466349351
