,nodes,CnC
1,1,0.6541244573082489
2,18,0.5505481120584653
3,11,0.5458937198067633
4,17,0.5323910482921084
5,65,0.5039018952062431
