,nodes,Density
1,105,0.008405895
2,333,0.008435576
3,16,0.008437138
4,23,0.008437138
5,42,0.008437138
