,nodes,Efficiency,Density
1,105,0.29825692851711577,0.008405894905224745
2,333,0.2986558274737052,0.008435575634308424
3,16,0.2992978740870954,0.008437137777944406
4,23,0.2987401441764099,0.008437137777944406
5,42,0.2990989053399559,0.008437137777944406
