,nodes_tr,TR,nodes_ec,EC,nodes_cnc,CnC,nodes_bc,BC,nodes_dc,DC,nodes_pr,pr
0,105,261,105,0.229102798,333,0.382820426,333,0.039489858,105,0.062720848,105,0.002245884
1,16,186,16,0.16529565,23,0.3816588,105,0.036931249,333,0.045936396,376,0.002010101
2,196,146,196,0.154247206,105,0.378215837,23,0.033462978,16,0.045053004,355,0.001982511
3,299,140,204,0.134882838,42,0.377585057,578,0.031556627,23,0.045053004,21,0.001969556
4,3,138,42,0.131570106,41,0.374958596,76,0.030117501,42,0.045053004,14,0.001954427
