,nodes_tc,TC_i,nodes_pi,PI_i,nodes_cc,CC_i
1,105,0.5076,105,-0.6986,23,0.026222063
2,16,0.5106,341,-0.1833,333,0.026895403
3,196,0.5132,233,-0.1582,105,0.027566607
4,42,0.5141,134,-0.1142,135,0.028365809
5,3,0.5143,588,-0.1014,233,0.028909437
