,nodes_dc,DC,nodes_bc,BC,nodes_cnc,CnC,nodes_ec,EC,nodes_tr,TR
1,105,0.062720848,333,0.039489858,333,0.382820426,105,0.229102798,105,261
2,333,0.045936396,105,0.036931249,23,0.3816588,16,0.16529565,16,186
3,16,0.045053004,23,0.033462978,105,0.378215837,196,0.154247206,196,146
4,23,0.045053004,578,0.031556627,42,0.377585057,204,0.134882838,299,140
5,42,0.045053004,76,0.030117501,41,0.374958596,42,0.131570106,3,138
