,nodes,TC_i,nodes,PI_i,nodes,CC_i
1,105,0.5076,105,-0.6986,23,0.026222063314364545
2,16,0.5105999999999999,341,-0.1833,333,0.02689540298300051
3,196,0.5132,233,-0.1582,105,0.027566606936374506
4,42,0.5141,134,-0.1142,135,0.028365808880949018
5,3,0.5143,588,-0.1014,233,0.028909436555687743
