,nodes,BC
1,333,0.03948985782790013
2,105,0.03693124853317947
3,23,0.03346297766608285
4,578,0.03155662746086827
5,76,0.030117501315083384
