,nodes,EC
1,105,0.22910279786580828
2,16,0.16529564951464812
3,196,0.15424720603711609
4,204,0.13488283794100261
5,42,0.13157010631132712
