,nodes,CnC
1,333,0.3828204261075414
2,23,0.38165879973027644
3,105,0.37821583695289007
4,42,0.3775850567044696
5,41,0.3749585955614442
