,nodes_TC,TC_i,nodes_PI,PI_i,nodes_CC,CC_i,nodes_TPN,TPN_i
0,105,0.4924,105,0.0037436974852835254,23,0.026222063314364545,105.0,0.46427291017614997
1,16,0.4894,16,0.0052305769064799,333,0.02689540298300051,16.0,0.45286120291703763
2,196,0.4868,196,0.006643185221304429,105,0.027566606936374506,333.0,0.4499408885715008
3,42,0.4859,299,0.006957373563650227,135,0.028365808880949018,23.0,0.4468560139701391
4,3,0.4857,3,0.007058293742187351,233,0.028909436555687743,196.0,0.4457988092433615
