,nodes,DC
1,105,0.0627208480565371
2,333,0.045936395759717315
3,16,0.045053003533568906
4,23,0.045053003533568906
5,42,0.045053003533568906
