,NDR,Density
1,1429,0.002389993717945112
2,1430,0.002389993717945112
3,1431,0.002389993717945112
4,645,0.00239280657834285
5,1432,0.00239280657834285
