,TR,TR_i,EC,EC_i,CNC,CNC_i,BC,BC_i,DC,DC_i,PR,PR_i
1,0,18,33,0.373371213013235,0,0.5689655172413793,0,0.43763528138528146,33,0.5151515151515151,33,0.0636336459066375
2,33,15,0,0.3554834941851943,2,0.559322033898305,33,0.30407497594997596,0,0.48484848484848486,0,0.0606376426470952
3,32,13,2,0.31718938996844476,33,0.55,32,0.145247113997114,32,0.36363636363636365,32,0.04916045404936609
4,1,12,32,0.3086510477336959,31,0.5409836065573771,2,0.14365680615680618,2,0.30303030303030304,1,0.0392678925742952
5,2,11,1,0.2659538704545025,8,0.515625,31,0.13827561327561325,1,0.2727272727272727,2,0.03893277112904348
