,NDR,Density
1,46,0.06927551560021153
2,15,0.06980433632998413
3,34,0.07139079851930195
4,38,0.07191961924907457
5,14,0.07244843997884717
