,DS,DS_i
1,1,0.081996435
2,34,0.087344029
3,33,0.094474153
4,2,0.10338680900000001
5,3,0.10695187199999999
