,NDR,Density
1,18,0.061588861588861586
2,3,0.06420966420966423
3,52,0.06502866502866503
4,44,0.06502866502866503
5,105,0.06617526617526617
