,NDR,Density
1,7,0.061588861588861586
2,3,0.06420966420966423
3,14,0.06502866502866503
4,41,0.06502866502866503
5,37,0.06617526617526617
