,TR,TR_i,EC,EC_i,CNC,CNC_i,BC,BC_i,DC,DC_i,PR,PR_i
1,18,137,18,0.4009759281963072,18,0.6166666666666667,18,0.24468528792139319,18,0.44144144144144143,18,0.0254250262979372
2,3,70,3,0.28327271308807134,3,0.5467980295566502,3,0.1286726954331421,3,0.2972972972972973,3,0.020681444335046442
3,52,49,52,0.24214273052290805,52,0.5260663507109005,44,0.09745558823854306,52,0.25225225225225223,44,0.016488011592784728
4,44,33,44,0.2199029084675191,44,0.511520737327189,52,0.09487912032531584,44,0.25225225225225223,52,0.016033404420167034
5,51,31,105,0.18840019160686636,28,0.4889867841409692,10,0.07084394438217559,105,0.1891891891891892,10,0.014808120011609836
