,TR,TR_i,EC,EC_i,CNC,CNC_i,BC,BC_i,DC,DC_i,PR,PR_i
1,7,137,7,0.4009759281963072,7,0.6166666666666667,7,0.24468528792139319,7,0.44144144144144143,7,0.0254250262979372
2,3,70,3,0.28327271308807134,3,0.5467980295566502,3,0.1286726954331421,3,0.2972972972972973,3,0.020681444335046442
3,14,49,14,0.24214273052290805,14,0.5260663507109005,41,0.09745558823854306,14,0.25225225225225223,41,0.016488011592784728
