,TR,TR_i,EC,EC_i,CNC,CNC_i,BC,BC_i,DC,DC_i,PR,PR_i
1,1,1413,1,0.21124923323535413,1,0.6073394495412844,1,0.20830586985886998,1,0.4199395770392749,47,0.020574048113518498
2,47,1256,47,0.1945817485838633,47,0.5544388609715243,206,0.17006973867446312,47,0.3564954682779456,1,0.019831895048309196
3,110,1213,110,0.19181585454120978,55,0.5399673735725938,47,0.1531955411430336,110,0.30513595166163143,206,0.012849062897883796
