,NDR,Density
1,118,0.03638194635173487
2,261,0.03676645610180354
3,255,0.037077725899478164
4,182,0.03720589581616772
5,152,0.03720589581616772
