,TR,TR_i,EC,EC_i,CNC,CNC_i,BC,BC_i,DC,DC_i,PR,PR_i
1,118,1413,118,0.21124923323535413,118,0.6073394495412844,118,0.20830586985886998,118,0.4199395770392749,261,0.020574048113518498
2,261,1256,261,0.1945817485838633,261,0.5544388609715243,8,0.17006973867446312,261,0.3564954682779456,118,0.019831895048309196
3,255,1213,255,0.19181585454120978,67,0.5399673735725938,261,0.1531955411430336,255,0.30513595166163143,8,0.012849062897883796
4,182,1075,182,0.17945225934953368,255,0.5355987055016181,201,0.09422863574735517,182,0.283987915407855,201,0.012305596778939927
5,152,1062,152,0.17873266446923206,201,0.533011272141707,47,0.09281838103560958,152,0.283987915407855,152,0.012229656076985644
