,TR,TR_i,EC,EC_i,CNC,CNC_i,BC,BC_i,DC,DC_i,PR,PR_i
1,105,261,105,0.2291027978867199,333,0.3828204261075414,333,0.03948985782790017,105,0.0627208480565371,105,0.0022458838829781053
2,16,186,16,0.16529564953404918,23,0.38165879973027644,105,0.036931248533179424,333,0.045936395759717315,376,0.002010101188456896
3,196,146,196,0.15424720604912334,105,0.37821583695289007,23,0.03346297766608281,16,0.045053003533568906,355,0.0019825110352467766
4,299,140,204,0.13488283795659878,42,0.3775850567044696,578,0.03155662746086824,23,0.045053003533568906,21,0.0019695564555479495
5,3,138,42,0.13157010630952823,41,0.3749585955614442,76,0.03011750131508334,42,0.045053003533568906,14,0.0019544270281950005
