,TR,TR_i,EC,EC_i,CNC,CNC_i,BC,BC_i,DC,DC_i,PR,PR_i
1,105,261,105,0.22910279786580828,333,0.3828204261075414,333,0.03948985782790013,105,0.0627208480565371,105,0.002245883882978105
2,16,186,16,0.16529564951464812,23,0.38165879973027644,105,0.03693124853317947,333,0.045936395759717315,376,0.002010101188456896
3,196,146,196,0.15424720603711609,105,0.37821583695289007,23,0.03346297766608285,16,0.045053003533568906,355,0.0019825110352467766
