,TR,TR_i,EC,EC_i,CNC,CNC_i,BC,BC_i,DC,DC_i,PR,PR_i
1,1,18,34,0.373371213013235,1,0.5689655172413793,1,0.43763528138528146,34,0.5151515151515151,34,0.0636336459066375
2,34,15,1,0.3554834941851943,3,0.559322033898305,34,0.30407497594997596,1,0.48484848484848486,1,0.0606376426470952
3,33,13,3,0.31718938996844476,34,0.55,33,0.145247113997114,33,0.36363636363636365,33,0.04916045404936609
