,nodes,Efficiency,Density
1,1,0.26268568,0.081996435
2,34,0.306951872,0.087344029
3,33,0.325103981,0.094474153
4,2,0.377807487,0.103386809
5,3,0.416399287,0.106951872
