,nodes_tr,TR,nodes_ec,EC,nodes_cnc,CnC,nodes_bc,BC,nodes_dc,DC,nodes_pr,pr
1,1,18,34,0.373371213,1,0.568965517,1,0.437635281,34,0.515151515,34,0.063633646
2,34,15,1,0.355483494,3,0.559322034,34,0.304074976,1,0.484848485,1,0.060637643
3,33,13,3,0.31718939,34,0.55,33,0.145247114,33,0.363636364,33,0.049160454
4,2,12,33,0.308651048,32,0.540983607,3,0.143656806,3,0.303030303,2,0.039267893
5,3,11,2,0.26595387,9,0.515625,32,0.138275613,2,0.272727273,3,0.038932771
