,nodes_dc,DC,nodes_bc,BC,nodes_cnc,CnC,nodes_ec,EC,nodes_tr,TR
1,34,0.515151515,1,0.437635281,1,0.568965517,34,0.373371213,1,18
2,1,0.484848485,34,0.304074976,3,0.559322034,1,0.355483494,34,15
3,33,0.363636364,33,0.145247114,34,0.55,3,0.31718939,33,13
4,3,0.303030303,3,0.143656806,32,0.540983607,33,0.308651048,2,12
5,2,0.272727273,32,0.138275613,9,0.515625,2,0.26595387,3,11
