,nodes,DC
1,34,0.5151515151515151
2,1,0.48484848484848486
3,33,0.36363636363636365
4,3,0.30303030303030304
5,2,0.2727272727272727
