,nodes,EC
1,34,0.373371213013235
2,1,0.3554834941851943
3,3,0.31718938996844476
4,33,0.3086510477336959
5,2,0.2659538704545025
