,nodes,BC
1,1,0.43763528138528146
2,34,0.30407497594997596
3,33,0.145247113997114
4,3,0.14365680615680618
5,32,0.13827561327561325
