,nodes_tc,TC_i,nodes_pi,PI_i,nodes_cc,CC_i
1,1,0.5781,34,0.1448,1,0.155423298
2,34,0.5862,33,0.3136,34,0.156418685
3,33,0.6,32,0.5578,3,0.18517664
4,2,0.625,1,0.576,32,0.244575404
5,3,0.6389,24,0.7021,33,0.249223362
