,nodes,TC_i,nodes,PI_i,nodes,CC_i
1,1,0.5781000000000001,34,0.1448,1,0.15542329764660495
2,34,0.5862,33,0.3136,34,0.1564186851211073
3,33,0.6,32,0.5578,3,0.18517663966049389
4,2,0.625,1,0.576,32,0.24457540369088812
5,3,0.6389,24,0.7021,33,0.2492233622751933
