,nodes,CnC
1,1,0.5689655172413793
2,3,0.559322033898305
3,34,0.55
4,32,0.5409836065573771
5,9,0.515625
