,nodes,TPN_i
1,34,0.238320614
2,33,0.320947042
3,32,0.329946916
4,1,0.384419436
5,31,0.385337973
