,TR,BC,CNC,DC,EC,PR,TC
TR,1,0.422222222,0.688888889,0.333333333,0.555555556,0.288888889,0.733333333
BC,0.422222222,1,0.2,-0.155555556,-0.022222222,0.511111111,0.244444444
CNC,0.688888889,0.2,1,0.377777778,0.688888889,0.066666667,0.6
DC,0.333333333,-0.155555556,0.377777778,1,0.6,-0.111111111,0.6
EC,0.555555556,-0.022222222,0.688888889,0.6,1,0.111111111,0.644444444
PR,0.288888889,0.511111111,0.066666667,-0.111111111,0.111111111,1,0.2
TC,0.733333333,0.244444444,0.6,0.6,0.644444444,0.2,1
