,TR,BC,CNC,DC,EC,PR,TC
TR,1,-0.288888889,0.288888889,0.333333333,0.066666667,-0.244444444,0.155555556
BC,-0.288888889,1,0.066666667,-0.066666667,0.2,0.511111111,-0.066666667
CNC,0.288888889,0.066666667,1,0.066666667,-0.2,0.111111111,0.511111111
DC,0.333333333,-0.066666667,0.066666667,1,0.022222222,0.244444444,0.111111111
EC,0.066666667,0.2,-0.2,0.022222222,1,-0.022222222,-0.333333333
PR,-0.244444444,0.511111111,0.111111111,0.244444444,-0.022222222,1,0.066666667
TC,0.155555556,-0.066666667,0.511111111,0.111111111,-0.333333333,0.066666667,1
