,TR,BC,CNC,DC,EC,PR,TC
TR,1,0.288888889,-0.2,0.022222222,-0.066666667,-0.422222222,0.555555556
BC,0.288888889,1,-0.2,0.377777778,-0.155555556,0.111111111,0.2
CNC,-0.2,-0.2,1,0.244444444,-0.288888889,0.333333333,-0.022222222
DC,0.022222222,0.377777778,0.244444444,1,-0.244444444,0.111111111,0.288888889
EC,-0.066666667,-0.155555556,-0.288888889,-0.244444444,1,-0.422222222,-0.333333333
PR,-0.422222222,0.111111111,0.333333333,0.111111111,-0.422222222,1,0.022222222
TC,0.555555556,0.2,-0.022222222,0.288888889,-0.333333333,0.022222222,1
