,TR,BC,CNC,DC,EC,PR,TC
TR,1.0,0.19128763372807142,0.034465040833356775,0.359457305467263,0.05006703983947944,0.07539591010098169,0.5186998807975727
BC,0.19128763372807142,1.0,0.06358377167074532,0.19340853046796622,0.07175231826577781,0.16521616832156621,0.07425769397485914
CNC,0.034465040833356775,0.06358377167074532,1.0,0.03326301182338987,0.16895352217002804,0.014206820248844385,0.109002492414391
DC,0.359457305467263,0.19340853046796622,0.03326301182338987,1.0,-0.0022240349544785424,-0.010728249556974488,0.12934817945383617
EC,0.05006703983947944,0.07175231826577781,0.16895352217002804,-0.0022240349544785424,1.0,-0.025979578633512423,0.033667912873862164
PR,0.07539591010098169,0.16521616832156621,0.014206820248844385,-0.010728249556974488,-0.025979578633512423,1.0,0.1213223342002601
TC,0.5186998807975727,0.07425769397485914,0.109002492414391,0.12934817945383617,0.033667912873862164,0.1213223342002601,1.0
