,TR,BC,CNC,DC,EC,PR,TC
TR,1,0.511111111,0.111111111,0.022222222,-0.466666667,0.022222222,0.955555556
BC,0.511111111,1,-0.022222222,-0.377777778,-0.688888889,-0.2,0.555555556
CNC,0.111111111,-0.022222222,1,0.111111111,-0.2,-0.066666667,0.066666667
DC,0.022222222,-0.377777778,0.111111111,1,0.333333333,0.644444444,0.066666667
EC,-0.466666667,-0.688888889,-0.2,0.333333333,1,0.244444444,-0.422222222
PR,0.022222222,-0.2,-0.066666667,0.644444444,0.244444444,1,0.066666667
TC,0.955555556,0.555555556,0.066666667,0.066666667,-0.422222222,0.066666667,1
