,nodes_TC,TC_i,nodes_PI,PI_i,nodes_CC,CC_i,nodes_TPN,TPN_i
1,0,0.5781000000000001,33,0.1448,0,0.15542329764660495,33,0.7388807689943819
2,33,0.5862,32,0.3136,33,0.1564186851211073,32,1.3430975472241884
3,32,0.6,31,0.5578,2,0.18517663966049389,0,2.108931299593042
4,1,0.625,0,0.576,31,0.24457540369088812,31,2.959925876659938
5,2,0.6389,23,0.7021,32,0.2492233622751933,1,3.457105498074143
