,nodes_TC,TC_i,nodes_PI,PI_i,nodes_CC,CC_i,nodes_TPN,TPN_i
1,4326,0.5758,4326,3.0471,2681,0.09719139641082657,2543,34.09685541596704
2,4362,0.5781000000000001,2543,2.9807,2582,0.12112188143004116,4326,33.93056675363894
3,4332,0.5862,4316,2.8843,1066,0.1211277777777778,4316,32.08010015927552
