,nodes_TC,TC_i,nodes_PI,PI_i,nodes_CC,CC_i,nodes_TPN,TPN_i
1,4326,0.5758,2502,0.2593,2681,0.09719139641082657,2502,0.8924057037199155
2,4362,0.5781000000000001,2543,0.2687,2582,0.12112188143004116,2543,1.019493976773345
3,4332,0.5862,2503,0.2984,1066,0.1211277777777778,2624,1.1222810974950748
4,4360,0.5892999999999999,2624,0.3088,3288,0.12364567901234572,2582,1.1326239867726848
5,4352,0.6,4316,0.3284,2542,0.1249366354036684,4316,1.2040738770618522
