,nodes_dc,DC,nodes_bc,BC,nodes_cnc,CnC,nodes_ec,EC,nodes_tr,TR
1,32,0.023287671,75,0.026571553,75,0.066439751,1312,0.224971127,1312,173
2,33,0.018493151,143,0.023090283,265,0.064470193,1314,0.224971127,1314,173
3,75,0.018493151,494,0.019134692,143,0.063964545,1315,0.224971127,1315,173
4,52,0.014383562,265,0.01807384,708,0.062936176,1313,0.223199372,1313,171
5,277,0.01369863,205,0.017088079,284,0.060299294,1316,0.223199372,1316,171
