,nodes,CnC
1,1268,0.08182330142114155
2,2554,0.0809437981320662
3,2570,0.08035786905246035
4,1202,0.07987194619153098
5,2571,0.0796260477111541
