,nodes,BC
1,4148,0.28841562147939614
2,2504,0.28169812331624505
3,1200,0.2796951897344531
4,4205,0.27764988777849725
5,2490,0.26730447500467747
