,nodes,EC
1,4361,0.2865344997425943
2,4327,0.27451470848011433
3,4319,0.24822112815712566
4,4317,0.24290464678318444
5,4333,0.23627243283037458
