,nodes,DC
1,2682,0.003846153846153846
2,4447,0.0036437246963562753
3,818,0.0028340080971659917
4,3413,0.0028340080971659917
5,4327,0.0028340080971659917
