,nodes,TPN_i
1,34,0.23832061409823813
2,33,0.3209470418533061
3,32,0.3299469161877435
4,1,0.38441943597535966
5,31,0.3853379731097799
