,nodes_tr,TR,nodes_ec,EC,nodes_cnc,CnC,nodes_bc,BC,nodes_dc,DC,nodes_pr,pr
0,1312,173,1312,0.224971127,75,0.066439751,75,0.026571553,32,0.023287671,75,0.002515627
1,1314,173,1314,0.224971127,265,0.064470193,143,0.023090283,33,0.018493151,32,0.002363583
2,1315,173,1315,0.224971127,143,0.063964545,494,0.019134692,75,0.018493151,265,0.001689627
3,1313,171,1313,0.223199372,708,0.062936176,265,0.01807384,52,0.014383562,205,0.00151925
4,1316,171,1316,0.223199372,284,0.060299294,205,0.017088079,277,0.01369863,33,0.00143717
