,nodes,TC_i,nodes,PI_i,nodes,CC_i
0,1312,0.513,32,-1.2235,75,0.078522635
1,1314,0.513,33,-0.4686,32,0.095507268
2,1315,0.513,75,-0.2616,33,0.107109817
3,1313,0.5132,52,-0.2117,143,0.128391305
4,1316,0.5132,205,-0.0415,205,0.138957309
