,NDR,Density
1,1,0.03638194635173487
2,47,0.03676645610180354
3,110,0.037077725899478164
4,4,0.03720589581616772
5,5,0.03720589581616772
