,nodes,TC_i,nodes,PI_i,nodes,CC_i
1,1,0.4984,1,-4.6538,1,0.029722320931034326
2,47,0.4982,47,-2.0704,47,0.03027480590859929
3,110,0.4981,110,-1.7742,4,0.03762979963829279
4,4,0.4979,5,-1.6443,110,0.03947938978385061
5,5,0.4978,4,-1.2823,2,0.03962288531812636
