,nodes_tc,TC_i,nodes_pi,PI_i,nodes_cc,CC_i
1,1,0.4984,1,-4.6538,1,0.029722321
2,47,0.4982,47,-2.0704,47,0.030274806
3,110,0.4981,110,-1.7742,4,0.0376298
4,4,0.4979,5,-1.6443,110,0.03947939
5,5,0.4978,4,-1.2823,2,0.039622885
