,nodes,DC
1,1,0.4199395770392749
2,47,0.3564954682779456
3,110,0.30513595166163143
4,4,0.283987915407855
5,5,0.283987915407855
