,nodes,DC,nodes,BC,nodes,CnC,nodes,EC,nodes,TR
1,1,0.419939577,1,0.20830587,1,0.60733945,1,0.211249233,1,1413
2,47,0.356495468,206,0.170069739,47,0.554438861,47,0.194581749,47,1256
3,110,0.305135952,47,0.153195541,55,0.539967374,110,0.191815855,110,1213
4,4,0.283987915,2,0.094228636,110,0.535598706,4,0.179452259,4,1075
5,5,0.283987915,7,0.092818381,2,0.533011272,5,0.178732664,5,1062
