,nodes,BC
1,1,0.20830586985886998
2,206,0.17006973867446312
3,47,0.1531955411430336
4,2,0.09422863574735517
5,7,0.0928183810356096
