,nodes,CnC
1,1,0.6073394495412844
2,47,0.5544388609715243
3,55,0.5399673735725938
4,110,0.5355987055016181
5,2,0.533011272141707
