,nodes,EC
1,1,0.21124923323535413
2,47,0.1945817485838633
3,110,0.19181585454120978
4,4,0.17945225934953368
5,5,0.17873266446923206
