,nodes_tr,TR,nodes_ec,EC,nodes_cnc,CnC,nodes_bc,BC,nodes_dc,DC,nodes_pr,pr
0,1,1413,1,0.211249233,1,0.60733945,1,0.20830587,1,0.419939577,47,0.020574048
1,47,1256,47,0.194581749,47,0.554438861,206,0.170069739,47,0.356495468,1,0.019831895
2,110,1213,110,0.191815855,55,0.539967374,47,0.153195541,110,0.305135952,206,0.012849063
3,4,1075,4,0.179452259,110,0.535598706,2,0.094228636,4,0.283987915,2,0.012305597
4,5,1062,5,0.178732664,2,0.533011272,7,0.092818381,5,0.283987915,5,0.012229656
