,nodes_TC,TC_i,nodes_PI,PI_i,nodes_CC,CC_i,nodes_TPN,TPN_i
1,4326,0.5758,2502,0.2593,2681,0.097191396,2503,0.892405704
2,4362,0.5781,2543,0.2687,2582,0.121121881,2544,1.019493977
3,4332,0.5862,2503,0.2984,1066,0.121127778,2625,1.122281097
4,4360,0.5893,2624,0.3088,3288,0.123645679,2583,1.132623987
5,4352,0.6,4316,0.3284,2542,0.124936635,4317,1.204073877
