,NDR,Density
1,10,0.08032786885245903
2,36,0.08087431693989071
3,44,0.08087431693989071
4,30,0.0814207650273224
5,49,0.0814207650273224
