,NDR,Density
1,186,0.014757738017500329
2,139,0.014953637194723784
3,191,0.014953637194723784
4,202,0.014953637194723784
5,26,0.014986287057594356
