,NDR,Density
1,44,0.06927551560021153
2,10,0.06980433632998413
3,30,0.07139079851930195
4,36,0.07191961924907457
5,9,0.07244843997884717
