,TR,TR_i,EC,EC_i,CNC,CNC_i,BC,BC_i,DC,DC_i,PR,PR_i
1,53,3832,53,0.1822265338624606,53,0.40100495458817237,53,0.06957277661528863,53,0.08236895847515316,331,0.0028450102097834855
2,59,3317,59,0.16901624871222393,65,0.3936359661193277,65,0.06674991267599807,65,0.0742001361470388,137,0.0023676027896563367
3,65,3294,65,0.16581406017509126,57,0.3921302547735161,1576,0.05790075442536772,59,0.07181756296800544,13,0.0022609984691068885
4,223,2592,223,0.14515763325026715,59,0.3877862016944255,308,0.05167183828766072,56,0.0585432266848196,241,0.002205139061754813
5,57,2577,57,0.14315716805220016,308,0.3852360038843293,312,0.049999547245291105,259,0.05786249149081007,297,0.0020993416754655028
